{
    "attack": 1.0,
    "band0_balance": 0.5,
    "band0_freq": 249.3121337890625,
    "band0_mode": 2.0,
    "band0_on": 1.0,
    "band0_q": 0.7070000171661377,
    "band1_balance": 0.5,
    "band1_freq": 924.4285278320312,
    "band1_mode": 1.0,
    "band1_on": 1.0,
    "band1_q": 1.278881311416626,
    "band1_sens": 9.985624313354492,
    "band2_balance": 0.5,
    "band2_freq": 2463.455322265625,
    "band2_mode": 1.0,
    "band2_on": 1.0,
    "band2_q": 1.541083574295044,
    "band2_sens": 10.75551986694336,
    "band3_balance": 0.5,
    "band3_freq": 5700.947265625,
    "band3_mode": 1.0,
    "band3_on": 1.0,
    "band3_q": 0.9999992847442627,
    "band3_sens": 7.177410125732422,
    "band4_balance": 0.5,
    "band4_freq": 359.5204772949219,
    "band4_mode": 1.0,
    "band4_on": 1.0,
    "band4_q": 1.0,
    "band4_sens": 2.898759841918945,
    "band5_balance": 0.5,
    "band5_freq": 7503.07861328125,
    "band5_mode": 2.0,
    "band5_on": 1.0,
    "band5_q": 0.7070000171661377,
    "bypass": 0.0,
    "delta": 0.0,
    "depth": -0.9686036109924316,
    "input_trim": 0.0,
    "mix": 49.57360458374023,
    "mode": 0.0,
    "offline_oversample": 3.0,
    "offline_resolution": 4.0,
    "oversample": 1.0,
    "release": 0.0,
    "resolution": 2.0,
    "selectivity": 5.096688747406006,
    "sharpness": 6.023869037628174,
    "sidechain": 0.0,
    "sidechain_solo_on": 0.0,
    "stereo_balance": 0.5,
    "stereo_link": 100.0,
    "stereo_mode": 0.0,
    "trim": 0.9791996479034424
}
